<?xml version="1.0" encoding="UTF-8"?>
<rss version="2.0" xmlns:atom="http://www.w3.org/2005/Atom">
  <channel>
    <title>Your awesome title</title>
    <description>Write an awesome description for your new site here. You can edit this line in _config.yml. It will appear in your document head meta (for Google search results) and in your feed.xml site description.
</description>
    <link>http://yourdomain.com/</link>
    <atom:link href="http://yourdomain.com/feed.xml" rel="self" type="application/rss+xml"/>
    <pubDate>Wed, 02 Sep 2015 11:58:12 +0800</pubDate>
    <lastBuildDate>Wed, 02 Sep 2015 11:58:12 +0800</lastBuildDate>
    <generator>Jekyll v2.5.3</generator>
    
      <item>
        <title>Yeti DM Setup</title>
        <description>&lt;h2 id=&quot;background&quot;&gt;Background&lt;/h2&gt;

&lt;p&gt;This document describes the process used to generate and distribute
the Yeti root.&lt;/p&gt;

&lt;p&gt;The Yeti DNS Project takes the &lt;a href=&quot;https://www.iana.org/domains/root&quot;&gt;IANA root zone&lt;/a&gt;, and performs
minimal changes needed to serve the zone from the &lt;a href=&quot;http://yeti-dns.org/operators.html&quot;&gt;Yeti root
servers&lt;/a&gt; instead of the &lt;a href=&quot;https://www.iana.org/domains/root/servers&quot;&gt;IANA root servers&lt;/a&gt;.&lt;/p&gt;

&lt;p&gt;In Yeti, this modified root zone is generated by the Yeti Distribution
Masters (DM), which provide it to the Yeti root servers.&lt;/p&gt;

&lt;p&gt;While in principle this could be done by a single DM, Yeti uses a set
of three DM. These DM coordinate their work so that the resulting Yeti
root zone is always consistent. (We need to avoid the case where not
all DM share the same set of Yeti root servers, and so they produce
different versions of the Yeti root zone with the same serial.)&lt;/p&gt;

&lt;h2 id=&quot;generation&quot;&gt;Generation&lt;/h2&gt;

&lt;p&gt;The generation process is:&lt;/p&gt;

&lt;ol&gt;
  &lt;li&gt;Download the latest IANA root zone&lt;/li&gt;
  &lt;li&gt;Make modifications to change from the IANA to Yeti root servers&lt;/li&gt;
  &lt;li&gt;Sign the new Yeti root zone&lt;/li&gt;
  &lt;li&gt;Publish the new Yeti root zone&lt;/li&gt;
&lt;/ol&gt;

&lt;h3 id=&quot;iana-root-zone&quot;&gt;IANA Root Zone&lt;/h3&gt;

&lt;p&gt;The root zone is currently downloaded using AXFR from
F.ROOT-SERVERS.NET:&lt;/p&gt;

&lt;p&gt;&lt;code&gt;sh
   $ dig -t axfr . @f.root-servers.net.
&lt;/code&gt;&lt;/p&gt;

&lt;p&gt;This appears to be the best way to get the updated version of the root
zone as soon as possible.&lt;/p&gt;

&lt;p&gt;TODO: The DM should check that the zone they are retrieving from IANA
is properly signed, with something like ldns-verify-zone.&lt;/p&gt;

&lt;p&gt;A new version of the Yeti zone is only generated when the IANA zone
changes, which is detected by the change in the serial number value in
the SOA record.&lt;/p&gt;

&lt;h3 id=&quot;ksk-secret&quot;&gt;KSK secret&lt;/h3&gt;

&lt;p&gt;All DM share the same KSK secret material. This generated using the
BIND 9 dnssec-keygen tool, and then sent via encrypted PGP to the
other DM operators.&lt;/p&gt;

&lt;h3 id=&quot;modifications&quot;&gt;Modifications&lt;/h3&gt;

&lt;p&gt;The root zone is modified as follows:&lt;/p&gt;

&lt;ul&gt;
  &lt;li&gt;The SOA is updated:
    &lt;ul&gt;
      &lt;li&gt;The MNAME and RNAME are set to Yeti values&lt;/li&gt;
    &lt;/ul&gt;
  &lt;/li&gt;
  &lt;li&gt;The IANA DNSSEC information is removed:
    &lt;ul&gt;
      &lt;li&gt;The DNSKEY records&lt;/li&gt;
      &lt;li&gt;The RRSIG and NSEC records&lt;/li&gt;
    &lt;/ul&gt;
  &lt;/li&gt;
  &lt;li&gt;The IANA root server records are removed:
    &lt;ul&gt;
      &lt;li&gt;The NS records for [A-M].ROOT-SERVERS.NET&lt;/li&gt;
    &lt;/ul&gt;
  &lt;/li&gt;
  &lt;li&gt;The Yeti DNSSEC information is added:
    &lt;ul&gt;
      &lt;li&gt;The DNSKEY records&lt;/li&gt;
    &lt;/ul&gt;
  &lt;/li&gt;
  &lt;li&gt;The Yeti root server records are added:
    &lt;ul&gt;
      &lt;li&gt;The NS records&lt;/li&gt;
      &lt;li&gt;The AAAA glue records&lt;/li&gt;
    &lt;/ul&gt;
  &lt;/li&gt;
  &lt;li&gt;The Yeti root zone is signed&lt;/li&gt;
&lt;/ul&gt;

&lt;p&gt;It might be worthwhile to use the serial value in the SOA field,
however for now we duplicate the IANA serial value.&lt;/p&gt;

&lt;p&gt;The list of Yeti name Servers is synchronized between the DM as
described below.&lt;/p&gt;

&lt;h3 id=&quot;timing&quot;&gt;Timing&lt;/h3&gt;

&lt;p&gt;Each Yeti DM checks to see if the IANA root zone has changed hourly,
on the following schedule:&lt;/p&gt;

&lt;table&gt;
  &lt;thead&gt;
    &lt;tr&gt;
      &lt;th&gt;DM&lt;/th&gt;
      &lt;th&gt;Time&lt;/th&gt;
    &lt;/tr&gt;
  &lt;/thead&gt;
  &lt;tbody&gt;
    &lt;tr&gt;
      &lt;td&gt;BII&lt;/td&gt;
      &lt;td&gt;&lt;em&gt;hour&lt;/em&gt; + 00&lt;/td&gt;
    &lt;/tr&gt;
    &lt;tr&gt;
      &lt;td&gt;WIDE&lt;/td&gt;
      &lt;td&gt;&lt;em&gt;hour&lt;/em&gt; + 20&lt;/td&gt;
    &lt;/tr&gt;
    &lt;tr&gt;
      &lt;td&gt;TISF&lt;/td&gt;
      &lt;td&gt;&lt;em&gt;hour&lt;/em&gt; + 40&lt;/td&gt;
    &lt;/tr&gt;
  &lt;/tbody&gt;
&lt;/table&gt;

&lt;p&gt;A new version of the Yeti root zone is generated if the IANA root zone
has changed.&lt;/p&gt;

&lt;h2 id=&quot;synchronizing-list-of-yeti-name-servers&quot;&gt;Synchronizing List of Yeti Name Servers&lt;/h2&gt;

&lt;p&gt;It is important that the root zone produced by the Yeti DM is always
consistent. In order to do this, we use something like a 2-phase
commit procedure.&lt;/p&gt;

&lt;p&gt;A change to the list of Yeti name servers gets put into a PENDING
directory on any one of the Yeti DM. This directory contains:&lt;/p&gt;

&lt;ul&gt;
  &lt;li&gt;the new list of Yeti name servers&lt;/li&gt;
  &lt;li&gt;the time when the new list will be valid from&lt;/li&gt;
  &lt;li&gt;a file for each Yeti DM which has confirmed the new list&lt;/li&gt;
&lt;/ul&gt;

&lt;p&gt;Each DM will periodically check this PENDING directory. If the
directory is present, then the DM will download the new information,
add a file documenting that it has received it.&lt;/p&gt;

&lt;p&gt;Sometime after the scheduled time arrives and before the next Yeti
root zone is generated, each DM will check if the other DM have both
received the new list of Yeti name servers. If they have, then the
list of Yeti name servers will be replaced with the new one. If they
have NOT, then an alarm is raised, and humans debug the failure.&lt;/p&gt;

&lt;p&gt;In pseudocode, something like this:&lt;/p&gt;

&lt;p&gt;```
sync_yeti_roots:
    loop forever:
        try rsync with PENDING directory with each other DM&lt;/p&gt;

&lt;pre&gt;&lt;code&gt;    if PENDING list of roots != my list of roots:
        add a DM file for me in the PENDING directory

    if current time &amp;gt; PENDING scheduled time:
        if the DM file for each DM is present:
            copy PENDING list of roots to my list of roots
        else:
            PANIC (notify a human being)

    sleep a bit ```
&lt;/code&gt;&lt;/pre&gt;

&lt;p&gt;We choose 48 hours as the current time to adopt a new list of Yeti
name servers. This allows plenty of time for for DM administrators to
fix issues.&lt;/p&gt;

&lt;p&gt;Only a single PENDING change is possible at one time. This is an
entire new list of Yeti root servers. Further changes must be held
until the current set is applied.&lt;/p&gt;

&lt;p&gt;Note that it might be possible to start using the new list of Yeti
name servers as soon as all DM have received it. However for
predictability and simplicity we will always use the scheduled time
for now.&lt;/p&gt;

</description>
        <pubDate>Mon, 31 Aug 2015 23:37:41 +0800</pubDate>
        <link>http://yourdomain.com/yeti/blog/2015/08/31/Yeti-DM-setup.html</link>
        <guid isPermaLink="true">http://yourdomain.com/yeti/blog/2015/08/31/Yeti-DM-setup.html</guid>
        
        <category>Yeti，DM，DNSSEC</category>
        
        
        <category>yeti</category>
        
        <category>blog</category>
        
      </item>
    
      <item>
        <title>Yeti project problem statement</title>
        <description>&lt;h2 id=&quot;problem-statement&quot;&gt;Problem Statement&lt;/h2&gt;

&lt;p&gt;Some problems and policy concerns over the DNS Root Server system stem from unfortunate centralization from the point of view of DNS content consumers. These include external dependencies and surveillance threats.&lt;/p&gt;

&lt;ul&gt;
  &lt;li&gt;
    &lt;p&gt;External Dependency. Currently, there are 12 DNS Root Server operators for the 13 Root Server letters, with more than 400 instances deployed globally. Compared to the number of connected devices, AS networks, and recursive DNS servers, the number of root instances is far from sufficient. Connectivity loss between one autonomous network and the IANA root name servers usually results in loss of local service within the local network, even when internal connectivity is perfect. Also this kind of external dependency will introduce extra network traffic cost when BGP routing is inefficient.&lt;/p&gt;
  &lt;/li&gt;
  &lt;li&gt;
    &lt;p&gt;Surveillance risk. Even when one or more root name server anycast instances are deployed locally or in a nearby network, the queries sent to the root servers carry DNS lookup information which enables root operators or other parties to analyize the DNS query traffic. This is a kind of information leakage which is to some extent not acceptable to some policy makers.&lt;/p&gt;
  &lt;/li&gt;
&lt;/ul&gt;

&lt;p&gt;There are some technical issues in the areas of IPv6 and DNSSEC, which were introduced to the DNS Root Server system after it was created, and also when renumbering DNS Root Servers.&lt;/p&gt;

&lt;ul&gt;
  &lt;li&gt;
    &lt;p&gt;Currently DNS mostly relies on IPv4. Some DNS servers which support both A &amp;amp; AAAA (IPv4 &amp;amp; IPv6) records still do not respond to IPv6 queries. IPv6 introduces larger IP packet MTU (1280 bytes) and a different fragmentation model. It is not clear whether it can survive without IPv4 (in an IPv6-only enviroment), or what the impact of IPv6-only environment introduces to current DNS operations (especially in the DNS Root Server system).&lt;/p&gt;
  &lt;/li&gt;
  &lt;li&gt;
    &lt;p&gt;KSK rollover, as a procedure to update the public key in resolvers, has been a significant issue in DNSSEC. Currently, IANA rolls the ZSK every six weeks but the KSK has never been rolled as of writing. Thus, the way of rolling the KSK and the effect of rolling keys (including both ZSK and KSK) frequently are not yet fully examined. It is worthwhile to test KSK rollover using RFC5011 to synchronize the validators in a live DNS root system. In addition, currently for the ZSK 1024-bit RSA keys are used, and for the KSK 2048-bit RSA keys are used. The effect of using key with more bits has never tested. A longer key will enlarge DNS answer packets with DNSSEC, which is not desirable. It is valuable to observe the effect of changing key bit-lengths in a test environment. Different encryption algorithms, such as ECC, are another factor that would also affect packet size.&lt;/p&gt;
  &lt;/li&gt;
  &lt;li&gt;
    &lt;p&gt;Renumbering issue. Currently Internet users or enterprises may change their network providers. As a result their Internet numbers for particular servers or services, like IP address and AS numbers, may change accordingly. This is called renumbering networks and servers. It is likely that root operators may change their IP addresses for root servers as well. Since there is no dynamic update mechanism to inform resolvers and other internet infrastructure relying on root servic of such changes, the renumbering issue of root server is a fragile part of the whole system.&lt;/p&gt;
  &lt;/li&gt;
&lt;/ul&gt;

&lt;p&gt;Based on the problem space there is a solution space which needs experiments to test and verify in the scope of the Yeti DNS project. These experiments will provide some information about the above issues.&lt;/p&gt;

&lt;ul&gt;
  &lt;li&gt;
    &lt;p&gt;IPv6-Only Operation. We are try to run the Yeti testbed in pure IPv6 environment.&lt;/p&gt;
  &lt;/li&gt;
  &lt;li&gt;
    &lt;p&gt;Key/Algorithm rollover. We are going to design a plan on Yeti testbed and conduct some experiment with more frequent change of ZSK and KSK.&lt;/p&gt;
  &lt;/li&gt;
  &lt;li&gt;
    &lt;p&gt;DNS Root Server renumbering. We may come up with a mechnism which dynamically updates root server addresses to hint file; this is like another kind of rollover.&lt;/p&gt;
  &lt;/li&gt;
  &lt;li&gt;
    &lt;p&gt;More root servers. We are going to test more than 13 root name server in Yeti testbed and to see “how many is too many”.&lt;/p&gt;
  &lt;/li&gt;
  &lt;li&gt;
    &lt;p&gt;Multiple zone file editors. We will use IANA root zone as a source of zone info. Each of BII, TISF, and WIDE modifies the zone independantly at only its apex. Some mechinisms will be coined to prevent accidental mis-modificaiton of the DNS Root zone. In addition we may implement and test “shared zone control” ideas proposed in the ICANN ITI report from 2014. ICANN ITI report:   https://www.icann.org/en/system/files/files/iti-report-15may14-en.pdf&lt;/p&gt;
  &lt;/li&gt;
  &lt;li&gt;
    &lt;p&gt;Multiple zone file signers. To discover the flexibility and resiliency limits of Internet root zone distribution designs, we can try multiple DMs with one KSK and one ZSK for all, and we can try multiple DMs with one KSK for all and one ZSK for each.&lt;/p&gt;
  &lt;/li&gt;
&lt;/ul&gt;

&lt;h2 id=&quot;we-are-not&quot;&gt;We are not&lt;/h2&gt;

&lt;ul&gt;
  &lt;li&gt;
    &lt;p&gt;We &lt;strong&gt;never and ever try to create and provide alternate name space&lt;/strong&gt;. Yeti DNS project has complete fealty to IANA as the DNS name space manager from the beginning of its conception. Any necessary modifications of the current IANA zone (like the NS records for “.” ) will be dicussed publicly and given a clear reason.&lt;/p&gt;
  &lt;/li&gt;
  &lt;li&gt;
    &lt;p&gt;We are not going to develop or expriment with alternative governance models, regarding the concern arised in many occasions that a certain TLD (mostly ccTLD) will be removed intentionally as an additional option for punishment or sanction from USG to against its rivals. It maybe discussed or studied by different projects, but not Yeti. In Yeti we keep the same trust anchor (KSK) and the chain of trust to prevent on-path attacks and distribute root services based on the current model.&lt;/p&gt;
  &lt;/li&gt;
&lt;/ul&gt;

</description>
        <pubDate>Sat, 29 Aug 2015 04:19:41 +0800</pubDate>
        <link>http://yourdomain.com/yeti/blog/2015/08/29/Yeti-project-problem-statement.html</link>
        <guid isPermaLink="true">http://yourdomain.com/yeti/blog/2015/08/29/Yeti-project-problem-statement.html</guid>
        
        
        <category>yeti</category>
        
        <category>blog</category>
        
      </item>
    
      <item>
        <title>Welcome to Yeti DNS Projet!</title>
        <description>&lt;p&gt;This is the Yeti DNS Project, an experimental testbed network of DNS root name servers.&lt;/p&gt;

&lt;p&gt;This testbed network will be used to discover the limits of DNS root
name service, including the following:&lt;/p&gt;

&lt;ul&gt;
  &lt;li&gt;Can root name service succeed if it is only connected via IPv6 (and
never via IPv4)?&lt;/li&gt;
  &lt;li&gt;Can we change the DNSSEC “ZSK” more frequently, perhaps every two weeks?&lt;/li&gt;
  &lt;li&gt;Can we change the DNSSEC “KSK” more frequently, perhaps every six weeks?&lt;/li&gt;
  &lt;li&gt;How many root name servers is enough? How many is too many?&lt;/li&gt;
  &lt;li&gt;Can we add and delete root name server operators frequently, such as
every month?&lt;/li&gt;
  &lt;li&gt;Can the IANA name space be served by more than one set of root name
servers?&lt;/li&gt;
&lt;/ul&gt;

&lt;p&gt;Note that the Yeti DNS project has complete fealty to IANA as the DNS
name space manager. All IANA top-level domain names will be precisely
expressed in the Yeti DNS system, including all TLD data and meta-data.
So, the Yeti DNS project is not an “alternative root” in any sense of
that term. We hope to inform the IANA community by peer-reviewed science
as to future possibilities to consider for the IANA root DNS system.&lt;/p&gt;

&lt;h2 id=&quot;resources&quot;&gt;Resources&lt;/h2&gt;
&lt;p&gt;The latest zone file, public key, and description of the Yeti DNS
project are placed in a repository in GitHub:&lt;/p&gt;

&lt;blockquote&gt;
  &lt;p&gt;&lt;a href=&quot;https://github.com/BII-Lab/Yeti-Project&quot;&gt;https://github.com/BII-Lab/Yeti-Project&lt;/a&gt;&lt;/p&gt;
&lt;/blockquote&gt;

&lt;p&gt;There is a discussion mailing list for project participants, reachable
here:&lt;/p&gt;

&lt;blockquote&gt;
  &lt;p&gt;&lt;a href=&quot;http://lists.yeti-dns.org/mailman/listinfo/discuss&quot;&gt;http://lists.yeti-dns.org/mailman/listinfo/discuss&lt;/a&gt;&lt;/p&gt;
&lt;/blockquote&gt;

&lt;h2 id=&quot;statistics&quot;&gt;Statistics&lt;/h2&gt;
&lt;p&gt;The DSC page of the Yeti root servers is available, where you can see
the traffic of the testbed:&lt;/p&gt;

&lt;blockquote&gt;
  &lt;p&gt;&lt;a href=&quot;http://dsc.yeti-dns.org/dsc-grapher.pl?plot=bynode&amp;amp;server=Yeti-Project&quot;&gt;http://dsc.yeti-dns.org/dsc-grapher.pl?plot=bynode&amp;amp;server=Yeti-Project&lt;/a&gt;&lt;/p&gt;
&lt;/blockquote&gt;

&lt;h2 id=&quot;coordination-and-participation&quot;&gt;Coordination and Participation&lt;/h2&gt;
&lt;p&gt;The Yeti DNS project was launched in March 2015 by representatives from
WIDE, BII, and TISF, who now act as co-equal project coordinators. The
role of the coordinators includes outreach to the community, cooperation
with Yeti DNS authority name server operators (“providers”), and support
for Yeti DNS recursive name server operators (“subscribers”). Initially,
the coordinators will also operate the Yeti DNS distribution master servers.&lt;/p&gt;

&lt;p&gt;The Yeti DNS project coordinators invite interested authority name
server operators, recursive name server operators, to contact us by e-mail,
either individually:&lt;/p&gt;

&lt;blockquote&gt;
  &lt;p&gt;&lt;a href=&quot;&amp;#109;&amp;#097;&amp;#105;&amp;#108;&amp;#116;&amp;#111;:&amp;#108;&amp;#106;&amp;#115;&amp;#111;&amp;#110;&amp;#103;&amp;#064;&amp;#098;&amp;#105;&amp;#105;&amp;#103;&amp;#114;&amp;#111;&amp;#117;&amp;#112;&amp;#046;&amp;#099;&amp;#110;&quot;&gt;&amp;#108;&amp;#106;&amp;#115;&amp;#111;&amp;#110;&amp;#103;&amp;#064;&amp;#098;&amp;#105;&amp;#105;&amp;#103;&amp;#114;&amp;#111;&amp;#117;&amp;#112;&amp;#046;&amp;#099;&amp;#110;&lt;/a&gt; (Davey Song)
&lt;a href=&quot;&amp;#109;&amp;#097;&amp;#105;&amp;#108;&amp;#116;&amp;#111;:&amp;#107;&amp;#097;&amp;#116;&amp;#111;&amp;#064;&amp;#119;&amp;#105;&amp;#100;&amp;#101;&amp;#046;&amp;#097;&amp;#100;&amp;#046;&amp;#106;&amp;#112;&quot;&gt;&amp;#107;&amp;#097;&amp;#116;&amp;#111;&amp;#064;&amp;#119;&amp;#105;&amp;#100;&amp;#101;&amp;#046;&amp;#097;&amp;#100;&amp;#046;&amp;#106;&amp;#112;&lt;/a&gt; (Akira Kato)
&lt;a href=&quot;&amp;#109;&amp;#097;&amp;#105;&amp;#108;&amp;#116;&amp;#111;:&amp;#118;&amp;#105;&amp;#120;&amp;#105;&amp;#101;&amp;#064;&amp;#116;&amp;#105;&amp;#115;&amp;#102;&amp;#046;&amp;#110;&amp;#101;&amp;#116;&quot;&gt;&amp;#118;&amp;#105;&amp;#120;&amp;#105;&amp;#101;&amp;#064;&amp;#116;&amp;#105;&amp;#115;&amp;#102;&amp;#046;&amp;#110;&amp;#101;&amp;#116;&lt;/a&gt; (Paul Vixie)&lt;/p&gt;
&lt;/blockquote&gt;

&lt;p&gt;…or as a team:&lt;/p&gt;

&lt;blockquote&gt;
  &lt;p&gt;&lt;a href=&quot;&amp;#109;&amp;#097;&amp;#105;&amp;#108;&amp;#116;&amp;#111;:&amp;#099;&amp;#111;&amp;#111;&amp;#114;&amp;#100;&amp;#105;&amp;#110;&amp;#097;&amp;#116;&amp;#111;&amp;#114;&amp;#115;&amp;#064;&amp;#108;&amp;#105;&amp;#115;&amp;#116;&amp;#115;&amp;#046;&amp;#121;&amp;#101;&amp;#116;&amp;#105;&amp;#045;&amp;#100;&amp;#110;&amp;#115;&amp;#046;&amp;#111;&amp;#114;&amp;#103;&quot;&gt;&amp;#099;&amp;#111;&amp;#111;&amp;#114;&amp;#100;&amp;#105;&amp;#110;&amp;#097;&amp;#116;&amp;#111;&amp;#114;&amp;#115;&amp;#064;&amp;#108;&amp;#105;&amp;#115;&amp;#116;&amp;#115;&amp;#046;&amp;#121;&amp;#101;&amp;#116;&amp;#105;&amp;#045;&amp;#100;&amp;#110;&amp;#115;&amp;#046;&amp;#111;&amp;#114;&amp;#103;&lt;/a&gt;&lt;/p&gt;
&lt;/blockquote&gt;

&lt;h2 id=&quot;about-us&quot;&gt;About Us&lt;/h2&gt;

&lt;p&gt;&lt;a href=&quot;http://biigroup.com/en&quot;&gt;BII Group&lt;/a&gt; — the parent company of BII (Beijing
Internet Institute), a public interest company serving as BII’s Engineering
Research Center.&lt;/p&gt;

&lt;p&gt;&lt;a href=&quot;http://www.wide.ad.jp/&quot;&gt;WIDE&lt;/a&gt; — Widely Integrated Distributed Environment.&lt;/p&gt;

&lt;p&gt;TISF — a collaborative engineering and security project by Paul Vixie.&lt;/p&gt;
</description>
        <pubDate>Sun, 10 May 2015 18:19:41 +0800</pubDate>
        <link>http://yourdomain.com/yeti/blog/2015/05/10/Welcome-to-Yeti-DNS-Project.html</link>
        <guid isPermaLink="true">http://yourdomain.com/yeti/blog/2015/05/10/Welcome-to-Yeti-DNS-Project.html</guid>
        
        
        <category>yeti</category>
        
        <category>blog</category>
        
      </item>
    
  </channel>
</rss>
